,#,Name,Name_kr,Name_jp,Type 1,Type 2,Total,HP,Attack,Defense,Sp. Atk,Sp. Def,Speed,Generation,Legendary
0,1,Bulbasaur,이상해씨,フシギダネ,Grass,Poison,318,45,49,49,65,65,45,1,False
1,2,Ivysaur,이상해풀,フシギソウ,Grass,Poison,405,60,62,63,80,80,60,1,False
2,3,Venusaur,이상해꽃,フシギバナ,Grass,Poison,525,80,82,83,100,100,80,1,False
3,3,VenusaurMega Venusaur,None,None,Grass,Poison,625,80,100,123,122,120,80,1,False
4,4,Charmander,파이리,ヒトカゲ,Fire,,309,39,52,43,60,50,65,1,False
5,5,Charmeleon,리자드,リザード,Fire,,405,58,64,58,80,65,80,1,False
6,6,Charizard,리자몽,リザードン,Fire,Flying,534,78,84,78,109,85,100,1,False
7,6,CharizardMega Charizard X,None,None,Fire,Dragon,634,78,130,111,130,85,100,1,False
8,6,CharizardMega Charizard Y,None,None,Fire,Flying,634,78,104,78,159,115,100,1,False
9,7,Squirtle,꼬부기,ゼニガメ,Water,,314,44,48,65,50,64,43,1,False
10,8,Wartortle,어니부기,カメール,Water,,405,59,63,80,65,80,58,1,False
11,9,Blastoise,거북왕,カメックス,Water,,530,79,83,100,85,105,78,1,False
12,9,BlastoiseMega Blastoise,None,None,Water,,630,79,103,120,135,115,78,1,False
13,10,Caterpie,캐터피,キャタピー,Bug,,195,45,30,35,20,20,45,1,False
14,11,Metapod,단데기,トランセル,Bug,,205,50,20,55,25,25,30,1,False
15,12,Butterfree,버터플,バタフリー,Bug,Flying,395,60,45,50,90,80,70,1,False
16,13,Weedle,뿔충이,ビードル,Bug,Poison,195,40,35,30,20,20,50,1,False
17,14,Kakuna,딱충이,コクーン,Bug,Poison,205,45,25,50,25,25,35,1,False
18,15,Beedrill,독침붕,スピアー,Bug,Poison,395,65,90,40,45,80,75,1,False
19,15,BeedrillMega Beedrill,None,None,Bug,Poison,495,65,150,40,15,80,145,1,False
20,16,Pidgey,구구,ポッポ,Normal,Flying,251,40,45,40,35,35,56,1,False
21,17,Pidgeotto,피죤,ピジョン,Normal,Flying,349,63,60,55,50,50,71,1,False
22,18,Pidgeot,피죤투,ピジョット,Normal,Flying,479,83,80,75,70,70,101,1,False
23,18,PidgeotMega Pidgeot,None,None,Normal,Flying,579,83,80,80,135,80,121,1,False
24,19,Rattata,꼬렛,コラッタ,Normal,,253,30,56,35,25,35,72,1,False
25,20,Raticate,레트라,ラッタ,Normal,,413,55,81,60,50,70,97,1,False
26,21,Spearow,깨비참,オニスズメ,Normal,Flying,262,40,60,30,31,31,70,1,False
27,22,Fearow,깨비드릴조,オニドリル,Normal,Flying,442,65,90,65,61,61,100,1,False
28,23,Ekans,아보,アーボ,Poison,,288,35,60,44,40,54,55,1,False
29,24,Arbok,아보크,アーボック,Poison,,438,60,85,69,65,79,80,1,False
30,25,Pikachu,피카츄,ピカチュウ,Electric,,320,35,55,40,50,50,90,1,False
31,26,Raichu,라이츄,ライチュウ,Electric,,485,60,90,55,90,80,110,1,False
32,27,Sandshrew,모래두지,サンド,Ground,,300,50,75,85,20,30,40,1,False
33,28,Sandslash,고지,サンドパン,Ground,,450,75,100,110,45,55,65,1,False
34,29,Nidoran♀,니드런♀,ニドラン♀,Poison,,275,55,47,52,40,40,41,1,False
35,30,Nidorina,니드리나,ニドリーナ,Poison,,365,70,62,67,55,55,56,1,False
36,31,Nidoqueen,니드퀸,ニドクイン,Poison,Ground,505,90,92,87,75,85,76,1,False
37,32,Nidoran♂,니드런♂,ニドラン♂,Poison,,273,46,57,40,40,40,50,1,False
38,33,Nidorino,니드리노,ニドリーノ,Poison,,365,61,72,57,55,55,65,1,False
39,34,Nidoking,니드킹,ニドキング,Poison,Ground,505,81,102,77,85,75,85,1,False
40,35,Clefairy,삐삐,ピッピ,Fairy,,323,70,45,48,60,65,35,1,False
41,36,Clefable,픽시,ピクシー,Fairy,,483,95,70,73,95,90,60,1,False
42,37,Vulpix,식스테일,ロコン,Fire,,299,38,41,40,50,65,65,1,False
43,38,Ninetales,나인테일,キュウコン,Fire,,505,73,76,75,81,100,100,1,False
44,39,Jigglypuff,푸린,プリン,Normal,Fairy,270,115,45,20,45,25,20,1,False
45,40,Wigglytuff,푸크린,プクリン,Normal,Fairy,435,140,70,45,85,50,45,1,False
46,41,Zubat,주뱃,ズバット,Poison,Flying,245,40,45,35,30,40,55,1,False
47,42,Golbat,골뱃,ゴルバット,Poison,Flying,455,75,80,70,65,75,90,1,False
48,43,Oddish,뚜벅쵸,ナゾノクサ,Grass,Poison,320,45,50,55,75,65,30,1,False
49,44,Gloom,냄새꼬,クサイハナ,Grass,Poison,395,60,65,70,85,75,40,1,False
50,45,Vileplume,라플레시아,ラフレシア,Grass,Poison,490,75,80,85,110,90,50,1,False
51,46,Paras,파라스,パラス,Bug,Grass,285,35,70,55,45,55,25,1,False
52,47,Parasect,파라섹트,パラセクト,Bug,Grass,405,60,95,80,60,80,30,1,False
53,48,Venonat,콘팡,コンパン,Bug,Poison,305,60,55,50,40,55,45,1,False
54,49,Venomoth,도나리,モルフォン,Bug,Poison,450,70,65,60,90,75,90,1,False
55,50,Diglett,디그다,ディグダ,Ground,,265,10,55,25,35,45,95,1,False
56,51,Dugtrio,닥트리오,ダグトリオ,Ground,,405,35,80,50,50,70,120,1,False
57,52,Meowth,나옹,ニャース,Normal,,290,40,45,35,40,40,90,1,False
58,53,Persian,페르시온,ペルシアン,Normal,,440,65,70,60,65,65,115,1,False
59,54,Psyduck,고라파덕,コダック,Water,,320,50,52,48,65,50,55,1,False
60,55,Golduck,골덕,ゴルダック,Water,,500,80,82,78,95,80,85,1,False
61,56,Mankey,망키,マンキー,Fighting,,305,40,80,35,35,45,70,1,False
62,57,Primeape,성원숭,オコリザル,Fighting,,455,65,105,60,60,70,95,1,False
63,58,Growlithe,가디,ガーディ,Fire,,350,55,70,45,70,50,60,1,False
64,59,Arcanine,윈디,ウインディ,Fire,,555,90,110,80,100,80,95,1,False
65,60,Poliwag,발챙이,ニョロモ,Water,,300,40,50,40,40,40,90,1,False
66,61,Poliwhirl,슈륙챙이,ニョロゾ,Water,,385,65,65,65,50,50,90,1,False
67,62,Poliwrath,강챙이,ニョロボン,Water,Fighting,510,90,95,95,70,90,70,1,False
68,63,Abra,캐이시,ケーシィ,Psychic,,310,25,20,15,105,55,90,1,False
69,64,Kadabra,윤겔라,ユンゲラー,Psychic,,400,40,35,30,120,70,105,1,False
70,65,Alakazam,후딘,フーディン,Psychic,,500,55,50,45,135,95,120,1,False
71,65,AlakazamMega Alakazam,None,None,Psychic,,590,55,50,65,175,95,150,1,False
72,66,Machop,알통몬,ワンリキー,Fighting,,305,70,80,50,35,35,35,1,False
73,67,Machoke,근육몬,ゴーリキー,Fighting,,405,80,100,70,50,60,45,1,False
74,68,Machamp,괴력몬,カイリキー,Fighting,,505,90,130,80,65,85,55,1,False
75,69,Bellsprout,모다피,マダツボミ,Grass,Poison,300,50,75,35,70,30,40,1,False
76,70,Weepinbell,우츠동,ウツドン,Grass,Poison,390,65,90,50,85,45,55,1,False
77,71,Victreebel,우츠보트,ウツボット,Grass,Poison,490,80,105,65,100,70,70,1,False
78,72,Tentacool,왕눈해,メノクラゲ,Water,Poison,335,40,40,35,50,100,70,1,False
79,73,Tentacruel,독파리,ドククラゲ,Water,Poison,515,80,70,65,80,120,100,1,False
80,74,Geodude,꼬마돌,イシツブテ,Rock,Ground,300,40,80,100,30,30,20,1,False
81,75,Graveler,데구리,ゴローン,Rock,Ground,390,55,95,115,45,45,35,1,False
82,76,Golem,딱구리,ゴローニャ,Rock,Ground,495,80,120,130,55,65,45,1,False
83,77,Ponyta,포니타,ポニータ,Fire,,410,50,85,55,65,65,90,1,False
84,78,Rapidash,날쌩마,ギャロップ,Fire,,500,65,100,70,80,80,105,1,False
85,79,Slowpoke,야돈,ヤドン,Water,Psychic,315,90,65,65,40,40,15,1,False
86,80,Slowbro,야도란,ヤドラン,Water,Psychic,490,95,75,110,100,80,30,1,False
87,80,SlowbroMega Slowbro,None,None,Water,Psychic,590,95,75,180,130,80,30,1,False
88,81,Magnemite,코일,コイル,Electric,Steel,325,25,35,70,95,55,45,1,False
89,82,Magneton,레어코일,レアコイル,Electric,Steel,465,50,60,95,120,70,70,1,False
90,83,Farfetch'd,파오리,カモネギ,Normal,Flying,352,52,65,55,58,62,60,1,False
91,84,Doduo,두두,ドードー,Normal,Flying,310,35,85,45,35,35,75,1,False
92,85,Dodrio,두트리오,ドードリオ,Normal,Flying,460,60,110,70,60,60,100,1,False
93,86,Seel,쥬쥬,パウワウ,Water,,325,65,45,55,45,70,45,1,False
94,87,Dewgong,쥬레곤,ジュゴン,Water,Ice,475,90,70,80,70,95,70,1,False
95,88,Grimer,질퍽이,ベトベター,Poison,,325,80,80,50,40,50,25,1,False
96,89,Muk,질뻐기,ベトベトン,Poison,,500,105,105,75,65,100,50,1,False
97,90,Shellder,셀러,シェルダー,Water,,305,30,65,100,45,25,40,1,False
98,91,Cloyster,파르셀,パルシェン,Water,Ice,525,50,95,180,85,45,70,1,False
99,92,Gastly,고오스,ゴース,Ghost,Poison,310,30,35,30,100,35,80,1,False
100,93,Haunter,고우스트,ゴースト,Ghost,Poison,405,45,50,45,115,55,95,1,False
101,94,Gengar,팬텀,ゲンガー,Ghost,Poison,500,60,65,60,130,75,110,1,False
102,94,GengarMega Gengar,None,None,Ghost,Poison,600,60,65,80,170,95,130,1,False
103,95,Onix,롱스톤,イワーク,Rock,Ground,385,35,45,160,30,45,70,1,False
104,96,Drowzee,슬리프,スリープ,Psychic,,328,60,48,45,43,90,42,1,False
105,97,Hypno,슬리퍼,スリーパー,Psychic,,483,85,73,70,73,115,67,1,False
106,98,Krabby,크랩,クラブ,Water,,325,30,105,90,25,25,50,1,False
107,99,Kingler,킹크랩,キングラー,Water,,475,55,130,115,50,50,75,1,False
108,100,Voltorb,찌리리공,ビリリダマ,Electric,,330,40,30,50,55,55,100,1,False
109,101,Electrode,붐볼,マルマイン,Electric,,480,60,50,70,80,80,140,1,False
110,102,Exeggcute,아라리,タマタマ,Grass,Psychic,325,60,40,80,60,45,40,1,False
111,103,Exeggutor,나시,ナッシー,Grass,Psychic,520,95,95,85,125,65,55,1,False
112,104,Cubone,탕구리,カラカラ,Ground,,320,50,50,95,40,50,35,1,False
113,105,Marowak,텅구리,ガラガラ,Ground,,425,60,80,110,50,80,45,1,False
114,106,Hitmonlee,시라소몬,サワムラー,Fighting,,455,50,120,53,35,110,87,1,False
115,107,Hitmonchan,홍수몬,エビワラー,Fighting,,455,50,105,79,35,110,76,1,False
116,108,Lickitung,내루미,ベロリンガ,Normal,,385,90,55,75,60,75,30,1,False
117,109,Koffing,또가스,ドガース,Poison,,340,40,65,95,60,45,35,1,False
118,110,Weezing,또도가스,マタドガス,Poison,,490,65,90,120,85,70,60,1,False
119,111,Rhyhorn,뿔카노,サイホーン,Ground,Rock,345,80,85,95,30,30,25,1,False
120,112,Rhydon,코뿌리,サイドン,Ground,Rock,485,105,130,120,45,45,40,1,False
121,113,Chansey,럭키,ラッキー,Normal,,450,250,5,5,35,105,50,1,False
122,114,Tangela,덩쿠리,モンジャラ,Grass,,435,65,55,115,100,40,60,1,False
123,115,Kangaskhan,캥카,ガルーラ,Normal,,490,105,95,80,40,80,90,1,False
124,115,KangaskhanMega Kangaskhan,None,None,Normal,,590,105,125,100,60,100,100,1,False
125,116,Horsea,쏘드라,タッツー,Water,,295,30,40,70,70,25,60,1,False
126,117,Seadra,시드라,シードラ,Water,,440,55,65,95,95,45,85,1,False
127,118,Goldeen,콘치,トサキント,Water,,320,45,67,60,35,50,63,1,False
128,119,Seaking,왕콘치,アズマオウ,Water,,450,80,92,65,65,80,68,1,False
129,120,Staryu,별가사리,ヒトデマン,Water,,340,30,45,55,70,55,85,1,False
130,121,Starmie,아쿠스타,スターミー,Water,Psychic,520,60,75,85,100,85,115,1,False
131,122,Mr. Mime,마임맨,バリヤード,Psychic,Fairy,460,40,45,65,100,120,90,1,False
132,123,Scyther,스라크,ストライク,Bug,Flying,500,70,110,80,55,80,105,1,False
133,124,Jynx,루주라,ルージュラ,Ice,Psychic,455,65,50,35,115,95,95,1,False
134,125,Electabuzz,에레브,エレブー,Electric,,490,65,83,57,95,85,105,1,False
135,126,Magmar,마그마,ブーバー,Fire,,495,65,95,57,100,85,93,1,False
136,127,Pinsir,쁘사이저,カイロス,Bug,,500,65,125,100,55,70,85,1,False
137,127,PinsirMega Pinsir,None,None,Bug,Flying,600,65,155,120,65,90,105,1,False
138,128,Tauros,켄타로스,ケンタロス,Normal,,490,75,100,95,40,70,110,1,False
139,129,Magikarp,잉어킹,コイキング,Water,,200,20,10,55,15,20,80,1,False
140,130,Gyarados,갸라도스,ギャラドス,Water,Flying,540,95,125,79,60,100,81,1,False
141,130,GyaradosMega Gyarados,None,None,Water,Dark,640,95,155,109,70,130,81,1,False
142,131,Lapras,라프라스,ラプラス,Water,Ice,535,130,85,80,85,95,60,1,False
143,132,Ditto,메타몽,メタモン,Normal,,288,48,48,48,48,48,48,1,False
144,133,Eevee,이브이,イーブイ,Normal,,325,55,55,50,45,65,55,1,False
145,134,Vaporeon,샤미드,シャワーズ,Water,,525,130,65,60,110,95,65,1,False
146,135,Jolteon,쥬피썬더,サンダース,Electric,,525,65,65,60,110,95,130,1,False
147,136,Flareon,부스터,ブースター,Fire,,525,65,130,60,95,110,65,1,False
148,137,Porygon,폴리곤,ポリゴン,Normal,,395,65,60,70,85,75,40,1,False
149,138,Omanyte,암나이트,オムナイト,Rock,Water,355,35,40,100,90,55,35,1,False
150,139,Omastar,암스타,オムスター,Rock,Water,495,70,60,125,115,70,55,1,False
151,140,Kabuto,투구,カブト,Rock,Water,355,30,80,90,55,45,55,1,False
152,141,Kabutops,투구푸스,カブトプス,Rock,Water,495,60,115,105,65,70,80,1,False
153,142,Aerodactyl,프테라,プテラ,Rock,Flying,515,80,105,65,60,75,130,1,False
154,142,AerodactylMega Aerodactyl,None,None,Rock,Flying,615,80,135,85,70,95,150,1,False
155,143,Snorlax,잠만보,カビゴン,Normal,,540,160,110,65,65,110,30,1,False
156,144,Articuno,프리져,フリーザー,Ice,Flying,580,90,85,100,95,125,85,1,True
157,145,Zapdos,썬더,サンダー,Electric,Flying,580,90,90,85,125,90,100,1,True
158,146,Moltres,파이어,ファイヤー,Fire,Flying,580,90,100,90,125,85,90,1,True
159,147,Dratini,미뇽,ミニリュウ,Dragon,,300,41,64,45,50,50,50,1,False
160,148,Dragonair,신뇽,ハクリュー,Dragon,,420,61,84,65,70,70,70,1,False
161,149,Dragonite,망나뇽,カイリュー,Dragon,Flying,600,91,134,95,100,100,80,1,False
162,150,Mewtwo,뮤츠,ミュウツー,Psychic,,680,106,110,90,154,90,130,1,True
163,150,MewtwoMega Mewtwo X,None,None,Psychic,Fighting,780,106,190,100,154,100,130,1,True
164,150,MewtwoMega Mewtwo Y,None,None,Psychic,,780,106,150,70,194,120,140,1,True
165,151,Mew,뮤,ミュウ,Psychic,,600,100,100,100,100,100,100,1,False
166,152,Chikorita,치코리타,チコリータ,Grass,,318,45,49,65,49,65,45,2,False
167,153,Bayleef,베이리프,ベイリーフ,Grass,,405,60,62,80,63,80,60,2,False
168,154,Meganium,메가니움,メガニウム,Grass,,525,80,82,100,83,100,80,2,False
169,155,Cyndaquil,브케인,ヒノアラシ,Fire,,309,39,52,43,60,50,65,2,False
170,156,Quilava,마그케인,マグマラシ,Fire,,405,58,64,58,80,65,80,2,False
171,157,Typhlosion,블레이범,バクフーン,Fire,,534,78,84,78,109,85,100,2,False
172,158,Totodile,리아코,ワニノコ,Water,,314,50,65,64,44,48,43,2,False
173,159,Croconaw,엘리게이,アリゲイツ,Water,,405,65,80,80,59,63,58,2,False
174,160,Feraligatr,장크로다일,オーダイル,Water,,530,85,105,100,79,83,78,2,False
175,161,Sentret,꼬리선,オタチ,Normal,,215,35,46,34,35,45,20,2,False
176,162,Furret,다꼬리,オオタチ,Normal,,415,85,76,64,45,55,90,2,False
177,163,Hoothoot,부우부,ホーホー,Normal,Flying,262,60,30,30,36,56,50,2,False
178,164,Noctowl,야부엉,ヨルノズク,Normal,Flying,442,100,50,50,76,96,70,2,False
179,165,Ledyba,레디바,レディバ,Bug,Flying,265,40,20,30,40,80,55,2,False
180,166,Ledian,레디안,レディアン,Bug,Flying,390,55,35,50,55,110,85,2,False
181,167,Spinarak,페이검,イトマル,Bug,Poison,250,40,60,40,40,40,30,2,False
182,168,Ariados,아리아도스,アリアドス,Bug,Poison,390,70,90,70,60,60,40,2,False
183,169,Crobat,크로뱃,クロバット,Poison,Flying,535,85,90,80,70,80,130,2,False
184,170,Chinchou,초라기,チョンチー,Water,Electric,330,75,38,38,56,56,67,2,False
185,171,Lanturn,랜턴,ランターン,Water,Electric,460,125,58,58,76,76,67,2,False
186,172,Pichu,피츄,ピチュー,Electric,,205,20,40,15,35,35,60,2,False
187,173,Cleffa,삐,ピィ,Fairy,,218,50,25,28,45,55,15,2,False
188,174,Igglybuff,푸푸린,ププリン,Normal,Fairy,210,90,30,15,40,20,15,2,False
189,175,Togepi,토게피,トゲピー,Fairy,,245,35,20,65,40,65,20,2,False
190,176,Togetic,토게틱,トゲチック,Fairy,Flying,405,55,40,85,80,105,40,2,False
191,177,Natu,네이티,ネイティ,Psychic,Flying,320,40,50,45,70,45,70,2,False
192,178,Xatu,네이티오,ネイティオ,Psychic,Flying,470,65,75,70,95,70,95,2,False
193,179,Mareep,메리프,メリープ,Electric,,280,55,40,40,65,45,35,2,False
194,180,Flaaffy,보송송,モココ,Electric,,365,70,55,55,80,60,45,2,False
195,181,Ampharos,전룡,デンリュウ,Electric,,510,90,75,85,115,90,55,2,False
196,181,AmpharosMega Ampharos,None,None,Electric,Dragon,610,90,95,105,165,110,45,2,False
197,182,Bellossom,아르코,キレイハナ,Grass,,490,75,80,95,90,100,50,2,False
198,183,Marill,마릴,マリル,Water,Fairy,250,70,20,50,20,50,40,2,False
199,184,Azumarill,마릴리,マリルリ,Water,Fairy,420,100,50,80,60,80,50,2,False
200,185,Sudowoodo,꼬지모,ウソッキー,Rock,,410,70,100,115,30,65,30,2,False
201,186,Politoed,왕구리,ニョロトノ,Water,,500,90,75,75,90,100,70,2,False
202,187,Hoppip,통통코,ハネッコ,Grass,Flying,250,35,35,40,35,55,50,2,False
203,188,Skiploom,두코,ポポッコ,Grass,Flying,340,55,45,50,45,65,80,2,False
204,189,Jumpluff,솜솜코,ワタッコ,Grass,Flying,460,75,55,70,55,95,110,2,False
205,190,Aipom,에이팜,エイパム,Normal,,360,55,70,55,40,55,85,2,False
206,191,Sunkern,해너츠,ヒマナッツ,Grass,,180,30,30,30,30,30,30,2,False
207,192,Sunflora,해루미,キマワリ,Grass,,425,75,75,55,105,85,30,2,False
208,193,Yanma,왕자리,ヤンヤンマ,Bug,Flying,390,65,65,45,75,45,95,2,False
209,194,Wooper,우파,ウパー,Water,Ground,210,55,45,45,25,25,15,2,False
210,195,Quagsire,누오,ヌオー,Water,Ground,430,95,85,85,65,65,35,2,False
211,196,Espeon,에브이,エーフィ,Psychic,,525,65,65,60,130,95,110,2,False
212,197,Umbreon,블래키,ブラッキー,Dark,,525,95,65,110,60,130,65,2,False
213,198,Murkrow,니로우,ヤミカラス,Dark,Flying,405,60,85,42,85,42,91,2,False
214,199,Slowking,야도킹,ヤドキング,Water,Psychic,490,95,75,80,100,110,30,2,False
215,200,Misdreavus,무우마,ムウマ,Ghost,,435,60,60,60,85,85,85,2,False
216,201,Unown,안농,アンノーン,Psychic,,336,48,72,48,72,48,48,2,False
217,202,Wobbuffet,마자용,ソーナンス,Psychic,,405,190,33,58,33,58,33,2,False
218,203,Girafarig,키링키,キリンリキ,Normal,Psychic,455,70,80,65,90,65,85,2,False
219,204,Pineco,피콘,クヌギダマ,Bug,,290,50,65,90,35,35,15,2,False
220,205,Forretress,쏘콘,フォレトス,Bug,Steel,465,75,90,140,60,60,40,2,False
221,206,Dunsparce,노고치,ノコッチ,Normal,,415,100,70,70,65,65,45,2,False
222,207,Gligar,글라이거,グライガー,Ground,Flying,430,65,75,105,35,65,85,2,False
223,208,Steelix,강철톤,ハガネール,Steel,Ground,510,75,85,200,55,65,30,2,False
224,208,SteelixMega Steelix,None,None,Steel,Ground,610,75,125,230,55,95,30,2,False
225,209,Snubbull,블루,ブルー,Fairy,,300,60,80,50,40,40,30,2,False
226,210,Granbull,그랑블루,グランブル,Fairy,,450,90,120,75,60,60,45,2,False
227,211,Qwilfish,침바루,ハリーセン,Water,Poison,430,65,95,75,55,55,85,2,False
228,212,Scizor,핫삼,ハッサム,Bug,Steel,500,70,130,100,55,80,65,2,False
229,212,ScizorMega Scizor,None,None,Bug,Steel,600,70,150,140,65,100,75,2,False
230,213,Shuckle,단단지,ツボツボ,Bug,Rock,505,20,10,230,10,230,5,2,False
231,214,Heracross,헤라크로스,ヘラクロス,Bug,Fighting,500,80,125,75,40,95,85,2,False
232,214,HeracrossMega Heracross,None,None,Bug,Fighting,600,80,185,115,40,105,75,2,False
233,215,Sneasel,포푸니,ニューラ,Dark,Ice,430,55,95,55,35,75,115,2,False
234,216,Teddiursa,깜지곰,ヒメグマ,Normal,,330,60,80,50,50,50,40,2,False
235,217,Ursaring,링곰,リングマ,Normal,,500,90,130,75,75,75,55,2,False
236,218,Slugma,마그마그,マグマッグ,Fire,,250,40,40,40,70,40,20,2,False
237,219,Magcargo,마그카르고,マグカルゴ,Fire,Rock,410,50,50,120,80,80,30,2,False
238,220,Swinub,꾸꾸리,ウリムー,Ice,Ground,250,50,50,40,30,30,50,2,False
239,221,Piloswine,메꾸리,イノムー,Ice,Ground,450,100,100,80,60,60,50,2,False
240,222,Corsola,코산호,サニーゴ,Water,Rock,380,55,55,85,65,85,35,2,False
241,223,Remoraid,총어,テッポウオ,Water,,300,35,65,35,65,35,65,2,False
242,224,Octillery,대포무노,オクタン,Water,,480,75,105,75,105,75,45,2,False
243,225,Delibird,딜리버드,デリバード,Ice,Flying,330,45,55,45,65,45,75,2,False
244,226,Mantine,만타인,マンタイン,Water,Flying,465,65,40,70,80,140,70,2,False
245,227,Skarmory,무장조,エアームド,Steel,Flying,465,65,80,140,40,70,70,2,False
246,228,Houndour,델빌,デルビル,Dark,Fire,330,45,60,30,80,50,65,2,False
247,229,Houndoom,헬가,ヘルガー,Dark,Fire,500,75,90,50,110,80,95,2,False
248,229,HoundoomMega Houndoom,None,None,Dark,Fire,600,75,90,90,140,90,115,2,False
249,230,Kingdra,킹드라,キングドラ,Water,Dragon,540,75,95,95,95,95,85,2,False
250,231,Phanpy,코코리,ゴマゾウ,Ground,,330,90,60,60,40,40,40,2,False
251,232,Donphan,코리갑,ドンファン,Ground,,500,90,120,120,60,60,50,2,False
252,233,Porygon2,폴리곤2,ポリゴン２,Normal,,515,85,80,90,105,95,60,2,False
253,234,Stantler,노라키,オドシシ,Normal,,465,73,95,62,85,65,85,2,False
254,235,Smeargle,루브도,ドーブル,Normal,,250,55,20,35,20,45,75,2,False
255,236,Tyrogue,배루키,バルキー,Fighting,,210,35,35,35,35,35,35,2,False
256,237,Hitmontop,카포에라,カポエラー,Fighting,,455,50,95,95,35,110,70,2,False
257,238,Smoochum,뽀뽀라,ムチュール,Ice,Psychic,305,45,30,15,85,65,65,2,False
258,239,Elekid,에레키드,エレキッド,Electric,,360,45,63,37,65,55,95,2,False
259,240,Magby,마그비,ブビィ,Fire,,365,45,75,37,70,55,83,2,False
260,241,Miltank,밀탱크,ミルタンク,Normal,,490,95,80,105,40,70,100,2,False
261,242,Blissey,해피너스,ハピナス,Normal,,540,255,10,10,75,135,55,2,False
262,243,Raikou,라이코,ライコウ,Electric,,580,90,85,75,115,100,115,2,True
263,244,Entei,앤테이,エンテイ,Fire,,580,115,115,85,90,75,100,2,True
264,245,Suicune,스이쿤,スイクン,Water,,580,100,75,115,90,115,85,2,True
265,246,Larvitar,애버라스,ヨーギラス,Rock,Ground,300,50,64,50,45,50,41,2,False
266,247,Pupitar,데기라스,サナギラス,Rock,Ground,410,70,84,70,65,70,51,2,False
267,248,Tyranitar,마기라스,バンギラス,Rock,Dark,600,100,134,110,95,100,61,2,False
268,248,TyranitarMega Tyranitar,None,None,Rock,Dark,700,100,164,150,95,120,71,2,False
269,249,Lugia,루기아,ルギア,Psychic,Flying,680,106,90,130,90,154,110,2,True
270,250,Ho-oh,None,None,Fire,Flying,680,106,130,90,110,154,90,2,True
271,251,Celebi,세레비,セレビィ,Psychic,Grass,600,100,100,100,100,100,100,2,False
272,252,Treecko,나무지기,キモリ,Grass,,310,40,45,35,65,55,70,3,False
273,253,Grovyle,나무돌이,ジュプトル,Grass,,405,50,65,45,85,65,95,3,False
274,254,Sceptile,나무킹,ジュカイン,Grass,,530,70,85,65,105,85,120,3,False
275,254,SceptileMega Sceptile,None,None,Grass,Dragon,630,70,110,75,145,85,145,3,False
276,255,Torchic,아차모,アチャモ,Fire,,310,45,60,40,70,50,45,3,False
277,256,Combusken,영치코,ワカシャモ,Fire,Fighting,405,60,85,60,85,60,55,3,False
278,257,Blaziken,번치코,バシャーモ,Fire,Fighting,530,80,120,70,110,70,80,3,False
279,257,BlazikenMega Blaziken,None,None,Fire,Fighting,630,80,160,80,130,80,100,3,False
280,258,Mudkip,물짱이,ミズゴロウ,Water,,310,50,70,50,50,50,40,3,False
281,259,Marshtomp,늪짱이,ヌマクロー,Water,Ground,405,70,85,70,60,70,50,3,False
282,260,Swampert,대짱이,ラグラージ,Water,Ground,535,100,110,90,85,90,60,3,False
283,260,SwampertMega Swampert,None,None,Water,Ground,635,100,150,110,95,110,70,3,False
284,261,Poochyena,포챠나,ポチエナ,Dark,,220,35,55,35,30,30,35,3,False
285,262,Mightyena,그라에나,グラエナ,Dark,,420,70,90,70,60,60,70,3,False
286,263,Zigzagoon,지그제구리,ジグザグマ,Normal,,240,38,30,41,30,41,60,3,False
287,264,Linoone,직구리,マッスグマ,Normal,,420,78,70,61,50,61,100,3,False
288,265,Wurmple,개무소,ケムッソ,Bug,,195,45,45,35,20,30,20,3,False
289,266,Silcoon,실쿤,カラサリス,Bug,,205,50,35,55,25,25,15,3,False
290,267,Beautifly,뷰티플라이,アゲハント,Bug,Flying,395,60,70,50,100,50,65,3,False
291,268,Cascoon,카스쿤,マユルド,Bug,,205,50,35,55,25,25,15,3,False
292,269,Dustox,독케일,ドクケイル,Bug,Poison,385,60,50,70,50,90,65,3,False
293,270,Lotad,연꽃몬,ハスボー,Water,Grass,220,40,30,30,40,50,30,3,False
294,271,Lombre,로토스,ハスブレロ,Water,Grass,340,60,50,50,60,70,50,3,False
295,272,Ludicolo,로파파,ルンパッパ,Water,Grass,480,80,70,70,90,100,70,3,False
296,273,Seedot,도토링,タネボー,Grass,,220,40,40,50,30,30,30,3,False
297,274,Nuzleaf,잎새코,コノハナ,Grass,Dark,340,70,70,40,60,40,60,3,False
298,275,Shiftry,다탱구,ダーテング,Grass,Dark,480,90,100,60,90,60,80,3,False
299,276,Taillow,테일로,スバメ,Normal,Flying,270,40,55,30,30,30,85,3,False
300,277,Swellow,스왈로,オオスバメ,Normal,Flying,430,60,85,60,50,50,125,3,False
301,278,Wingull,갈모매,キャモメ,Water,Flying,270,40,30,30,55,30,85,3,False
302,279,Pelipper,패리퍼,ペリッパー,Water,Flying,430,60,50,100,85,70,65,3,False
303,280,Ralts,랄토스,ラルトス,Psychic,Fairy,198,28,25,25,45,35,40,3,False
304,281,Kirlia,킬리아,キルリア,Psychic,Fairy,278,38,35,35,65,55,50,3,False
305,282,Gardevoir,가디안,サーナイト,Psychic,Fairy,518,68,65,65,125,115,80,3,False
306,282,GardevoirMega Gardevoir,None,None,Psychic,Fairy,618,68,85,65,165,135,100,3,False
307,283,Surskit,비구술,アメタマ,Bug,Water,269,40,30,32,50,52,65,3,False
308,284,Masquerain,비나방,アメモース,Bug,Flying,414,70,60,62,80,82,60,3,False
309,285,Shroomish,버섯꼬,キノココ,Grass,,295,60,40,60,40,60,35,3,False
310,286,Breloom,버섯모,キノガッサ,Grass,Fighting,460,60,130,80,60,60,70,3,False
311,287,Slakoth,게을로,ナマケロ,Normal,,280,60,60,60,35,35,30,3,False
312,288,Vigoroth,발바로,ヤルキモノ,Normal,,440,80,80,80,55,55,90,3,False
313,289,Slaking,게을킹,ケッキング,Normal,,670,150,160,100,95,65,100,3,False
314,290,Nincada,토중몬,ツチニン,Bug,Ground,266,31,45,90,30,30,40,3,False
315,291,Ninjask,아이스크,テッカニン,Bug,Flying,456,61,90,45,50,50,160,3,False
316,292,Shedinja,껍질몬,ヌケニン,Bug,Ghost,236,1,90,45,30,30,40,3,False
317,293,Whismur,소곤룡,ゴニョニョ,Normal,,240,64,51,23,51,23,28,3,False
318,294,Loudred,노공룡,ドゴーム,Normal,,360,84,71,43,71,43,48,3,False
319,295,Exploud,폭음룡,バクオング,Normal,,490,104,91,63,91,73,68,3,False
320,296,Makuhita,마크탕,マクノシタ,Fighting,,237,72,60,30,20,30,25,3,False
321,297,Hariyama,하리뭉,ハリテヤマ,Fighting,,474,144,120,60,40,60,50,3,False
322,298,Azurill,루리리,ルリリ,Normal,Fairy,190,50,20,40,20,40,20,3,False
323,299,Nosepass,코코파스,ノズパス,Rock,,375,30,45,135,45,90,30,3,False
324,300,Skitty,에나비,エネコ,Normal,,260,50,45,45,35,35,50,3,False
325,301,Delcatty,델케티,エネコロロ,Normal,,380,70,65,65,55,55,70,3,False
326,302,Sableye,깜까미,ヤミラミ,Dark,Ghost,380,50,75,75,65,65,50,3,False
327,302,SableyeMega Sableye,None,None,Dark,Ghost,480,50,85,125,85,115,20,3,False
328,303,Mawile,입치트,クチート,Steel,Fairy,380,50,85,85,55,55,50,3,False
329,303,MawileMega Mawile,None,None,Steel,Fairy,480,50,105,125,55,95,50,3,False
330,304,Aron,가보리,ココドラ,Steel,Rock,330,50,70,100,40,40,30,3,False
331,305,Lairon,갱도라,コドラ,Steel,Rock,430,60,90,140,50,50,40,3,False
332,306,Aggron,보스로라,ボスゴドラ,Steel,Rock,530,70,110,180,60,60,50,3,False
333,306,AggronMega Aggron,None,None,Steel,,630,70,140,230,60,80,50,3,False
334,307,Meditite,요가랑,アサナン,Fighting,Psychic,280,30,40,55,40,55,60,3,False
335,308,Medicham,요가램,チャーレム,Fighting,Psychic,410,60,60,75,60,75,80,3,False
336,308,MedichamMega Medicham,None,None,Fighting,Psychic,510,60,100,85,80,85,100,3,False
337,309,Electrike,썬더라이,ラクライ,Electric,,295,40,45,40,65,40,65,3,False
338,310,Manectric,썬더볼트,ライボルト,Electric,,475,70,75,60,105,60,105,3,False
339,310,ManectricMega Manectric,None,None,Electric,,575,70,75,80,135,80,135,3,False
340,311,Plusle,플러시,プラスル,Electric,,405,60,50,40,85,75,95,3,False
341,312,Minun,마이농,マイナン,Electric,,405,60,40,50,75,85,95,3,False
342,313,Volbeat,볼비트,バルビート,Bug,,400,65,73,55,47,75,85,3,False
343,314,Illumise,네오비트,イルミーゼ,Bug,,400,65,47,55,73,75,85,3,False
344,315,Roselia,로젤리아,ロゼリア,Grass,Poison,400,50,60,45,100,80,65,3,False
345,316,Gulpin,꼴깍몬,ゴクリン,Poison,,302,70,43,53,43,53,40,3,False
346,317,Swalot,꿀꺽몬,マルノーム,Poison,,467,100,73,83,73,83,55,3,False
347,318,Carvanha,샤프니아,キバニア,Water,Dark,305,45,90,20,65,20,65,3,False
348,319,Sharpedo,샤크니아,サメハダー,Water,Dark,460,70,120,40,95,40,95,3,False
349,319,SharpedoMega Sharpedo,None,None,Water,Dark,560,70,140,70,110,65,105,3,False
350,320,Wailmer,고래왕자,ホエルコ,Water,,400,130,70,35,70,35,60,3,False
351,321,Wailord,고래왕,ホエルオー,Water,,500,170,90,45,90,45,60,3,False
352,322,Numel,둔타,ドンメル,Fire,Ground,305,60,60,40,65,45,35,3,False
353,323,Camerupt,폭타,バクーダ,Fire,Ground,460,70,100,70,105,75,40,3,False
354,323,CameruptMega Camerupt,None,None,Fire,Ground,560,70,120,100,145,105,20,3,False
355,324,Torkoal,코터스,コータス,Fire,,470,70,85,140,85,70,20,3,False
356,325,Spoink,피그점프,バネブー,Psychic,,330,60,25,35,70,80,60,3,False
357,326,Grumpig,피그킹,ブーピッグ,Psychic,,470,80,45,65,90,110,80,3,False
358,327,Spinda,얼루기,パッチール,Normal,,360,60,60,60,60,60,60,3,False
359,328,Trapinch,톱치,ナックラー,Ground,,290,45,100,45,45,45,10,3,False
360,329,Vibrava,비브라바,ビブラーバ,Ground,Dragon,340,50,70,50,50,50,70,3,False
361,330,Flygon,플라이곤,フライゴン,Ground,Dragon,520,80,100,80,80,80,100,3,False
362,331,Cacnea,선인왕,サボネア,Grass,,335,50,85,40,85,40,35,3,False
363,332,Cacturne,밤선인,ノクタス,Grass,Dark,475,70,115,60,115,60,55,3,False
364,333,Swablu,파비코,チルット,Normal,Flying,310,45,40,60,40,75,50,3,False
365,334,Altaria,파비코리,チルタリス,Dragon,Flying,490,75,70,90,70,105,80,3,False
366,334,AltariaMega Altaria,None,None,Dragon,Fairy,590,75,110,110,110,105,80,3,False
367,335,Zangoose,쟝고,ザングース,Normal,,458,73,115,60,60,60,90,3,False
368,336,Seviper,세비퍼,ハブネーク,Poison,,458,73,100,60,100,60,65,3,False
369,337,Lunatone,루나톤,ルナトーン,Rock,Psychic,440,70,55,65,95,85,70,3,False
370,338,Solrock,솔록,ソルロック,Rock,Psychic,440,70,95,85,55,65,70,3,False
371,339,Barboach,미꾸리,ドジョッチ,Water,Ground,288,50,48,43,46,41,60,3,False
372,340,Whiscash,메깅,ナマズン,Water,Ground,468,110,78,73,76,71,60,3,False
373,341,Corphish,가재군,ヘイガニ,Water,,308,43,80,65,50,35,35,3,False
374,342,Crawdaunt,가재장군,シザリガー,Water,Dark,468,63,120,85,90,55,55,3,False
375,343,Baltoy,오뚝군,ヤジロン,Ground,Psychic,300,40,40,55,40,70,55,3,False
376,344,Claydol,점토도리,ネンドール,Ground,Psychic,500,60,70,105,70,120,75,3,False
377,345,Lileep,릴링,リリーラ,Rock,Grass,355,66,41,77,61,87,23,3,False
378,346,Cradily,릴리요,ユレイドル,Rock,Grass,495,86,81,97,81,107,43,3,False
379,347,Anorith,아노딥스,アノプス,Rock,Bug,355,45,95,50,40,50,75,3,False
380,348,Armaldo,아말도,アーマルド,Rock,Bug,495,75,125,100,70,80,45,3,False
381,349,Feebas,빈티나,ヒンバス,Water,,200,20,15,20,10,55,80,3,False
382,350,Milotic,밀로틱,ミロカロス,Water,,540,95,60,79,100,125,81,3,False
383,351,Castform,캐스퐁,ポワルン,Normal,,420,70,70,70,70,70,70,3,False
384,352,Kecleon,켈리몬,カクレオン,Normal,,440,60,90,70,60,120,40,3,False
385,353,Shuppet,어둠대신,カゲボウズ,Ghost,,295,44,75,35,63,33,45,3,False
386,354,Banette,다크펫,ジュペッタ,Ghost,,455,64,115,65,83,63,65,3,False
387,354,BanetteMega Banette,None,None,Ghost,,555,64,165,75,93,83,75,3,False
388,355,Duskull,해골몽,ヨマワル,Ghost,,295,20,40,90,30,90,25,3,False
389,356,Dusclops,미라몽,サマヨール,Ghost,,455,40,70,130,60,130,25,3,False
390,357,Tropius,트로피우스,トロピウス,Grass,Flying,460,99,68,83,72,87,51,3,False
391,358,Chimecho,치렁,チリーン,Psychic,,425,65,50,70,95,80,65,3,False
392,359,Absol,앱솔,アブソル,Dark,,465,65,130,60,75,60,75,3,False
393,359,AbsolMega Absol,None,None,Dark,,565,65,150,60,115,60,115,3,False
394,360,Wynaut,마자,ソーナノ,Psychic,,260,95,23,48,23,48,23,3,False
395,361,Snorunt,눈꼬마,ユキワラシ,Ice,,300,50,50,50,50,50,50,3,False
396,362,Glalie,얼음귀신,オニゴーリ,Ice,,480,80,80,80,80,80,80,3,False
397,362,GlalieMega Glalie,None,None,Ice,,580,80,120,80,120,80,100,3,False
398,363,Spheal,대굴레오,タマザラシ,Ice,Water,290,70,40,50,55,50,25,3,False
399,364,Sealeo,씨레오,トドグラー,Ice,Water,410,90,60,70,75,70,45,3,False
400,365,Walrein,씨카이저,トドゼルガ,Ice,Water,530,110,80,90,95,90,65,3,False
401,366,Clamperl,진주몽,パールル,Water,,345,35,64,85,74,55,32,3,False
402,367,Huntail,헌테일,ハンテール,Water,,485,55,104,105,94,75,52,3,False
403,368,Gorebyss,분홍장이,サクラビス,Water,,485,55,84,105,114,75,52,3,False
404,369,Relicanth,시라칸,ジーランス,Water,Rock,485,100,90,130,45,65,55,3,False
405,370,Luvdisc,사랑동이,ラブカス,Water,,330,43,30,55,40,65,97,3,False
406,371,Bagon,아공이,タツベイ,Dragon,,300,45,75,60,40,30,50,3,False
407,372,Shelgon,쉘곤,コモルー,Dragon,,420,65,95,100,60,50,50,3,False
408,373,Salamence,보만다,ボーマンダ,Dragon,Flying,600,95,135,80,110,80,100,3,False
409,373,SalamenceMega Salamence,None,None,Dragon,Flying,700,95,145,130,120,90,120,3,False
410,374,Beldum,메탕,ダンバル,Steel,Psychic,300,40,55,80,35,60,30,3,False
411,375,Metang,메탕구,メタング,Steel,Psychic,420,60,75,100,55,80,50,3,False
412,376,Metagross,메타그로스,メタグロス,Steel,Psychic,600,80,135,130,95,90,70,3,False
413,376,MetagrossMega Metagross,None,None,Steel,Psychic,700,80,145,150,105,110,110,3,False
414,377,Regirock,레지락,レジロック,Rock,,580,80,100,200,50,100,50,3,True
415,378,Regice,레지아이스,レジアイス,Ice,,580,80,50,100,100,200,50,3,True
416,379,Registeel,레지스틸,レジスチル,Steel,,580,80,75,150,75,150,50,3,True
417,380,Latias,라티아스,ラティアス,Dragon,Psychic,600,80,80,90,110,130,110,3,True
418,380,LatiasMega Latias,None,None,Dragon,Psychic,700,80,100,120,140,150,110,3,True
419,381,Latios,라티오스,ラティオス,Dragon,Psychic,600,80,90,80,130,110,110,3,True
420,381,LatiosMega Latios,None,None,Dragon,Psychic,700,80,130,100,160,120,110,3,True
421,382,Kyogre,가이오가,カイオーガ,Water,,670,100,100,90,150,140,90,3,True
422,382,KyogrePrimal Kyogre,None,None,Water,,770,100,150,90,180,160,90,3,True
423,383,Groudon,그란돈,グラードン,Ground,,670,100,150,140,100,90,90,3,True
424,383,GroudonPrimal Groudon,None,None,Ground,Fire,770,100,180,160,150,90,90,3,True
425,384,Rayquaza,레쿠쟈,レックウザ,Dragon,Flying,680,105,150,90,150,90,95,3,True
426,384,RayquazaMega Rayquaza,None,None,Dragon,Flying,780,105,180,100,180,100,115,3,True
427,385,Jirachi,지라치,ジラーチ,Steel,Psychic,600,100,100,100,100,100,100,3,True
428,386,DeoxysNormal Forme,None,None,Psychic,,600,50,150,50,150,50,150,3,True
429,386,DeoxysAttack Forme,None,None,Psychic,,600,50,180,20,180,20,150,3,True
430,386,DeoxysDefense Forme,None,None,Psychic,,600,50,70,160,70,160,90,3,True
431,386,DeoxysSpeed Forme,None,None,Psychic,,600,50,95,90,95,90,180,3,True
432,387,Turtwig,모부기,ナエトル,Grass,,318,55,68,64,45,55,31,4,False
433,388,Grotle,수풀부기,ハヤシガメ,Grass,,405,75,89,85,55,65,36,4,False
434,389,Torterra,토대부기,ドダイトス,Grass,Ground,525,95,109,105,75,85,56,4,False
435,390,Chimchar,불꽃숭이,ヒコザル,Fire,,309,44,58,44,58,44,61,4,False
436,391,Monferno,파이숭이,モウカザル,Fire,Fighting,405,64,78,52,78,52,81,4,False
437,392,Infernape,초염몽,ゴウカザル,Fire,Fighting,534,76,104,71,104,71,108,4,False
438,393,Piplup,팽도리,ポッチャマ,Water,,314,53,51,53,61,56,40,4,False
439,394,Prinplup,팽태자,ポッタイシ,Water,,405,64,66,68,81,76,50,4,False
440,395,Empoleon,엠페르트,エンペルト,Water,Steel,530,84,86,88,111,101,60,4,False
441,396,Starly,찌르꼬,ムックル,Normal,Flying,245,40,55,30,30,30,60,4,False
442,397,Staravia,찌르버드,ムクバード,Normal,Flying,340,55,75,50,40,40,80,4,False
443,398,Staraptor,찌르호크,ムクホーク,Normal,Flying,485,85,120,70,50,60,100,4,False
444,399,Bidoof,비버니,ビッパ,Normal,,250,59,45,40,35,40,31,4,False
445,400,Bibarel,비버통,ビーダル,Normal,Water,410,79,85,60,55,60,71,4,False
446,401,Kricketot,귀뚤뚜기,コロボーシ,Bug,,194,37,25,41,25,41,25,4,False
447,402,Kricketune,귀뚤톡크,コロトック,Bug,,384,77,85,51,55,51,65,4,False
448,403,Shinx,꼬링크,コリンク,Electric,,263,45,65,34,40,34,45,4,False
449,404,Luxio,럭시오,ルクシオ,Electric,,363,60,85,49,60,49,60,4,False
450,405,Luxray,렌트라,レントラー,Electric,,523,80,120,79,95,79,70,4,False
451,406,Budew,꼬몽울,スボミー,Grass,Poison,280,40,30,35,50,70,55,4,False
452,407,Roserade,로즈레이드,ロズレイド,Grass,Poison,515,60,70,65,125,105,90,4,False
453,408,Cranidos,두개도스,ズガイドス,Rock,,350,67,125,40,30,30,58,4,False
454,409,Rampardos,램펄드,ラムパルド,Rock,,495,97,165,60,65,50,58,4,False
455,410,Shieldon,방패톱스,タテトプス,Rock,Steel,350,30,42,118,42,88,30,4,False
456,411,Bastiodon,바리톱스,トリデプス,Rock,Steel,495,60,52,168,47,138,30,4,False
457,412,Burmy,도롱충이,ミノムッチ,Bug,,224,40,29,45,29,45,36,4,False
458,413,WormadamPlant Cloak,None,None,Bug,Grass,424,60,59,85,79,105,36,4,False
459,413,WormadamSandy Cloak,None,None,Bug,Ground,424,60,79,105,59,85,36,4,False
460,413,WormadamTrash Cloak,None,None,Bug,Steel,424,60,69,95,69,95,36,4,False
461,414,Mothim,나메일,ガーメイル,Bug,Flying,424,70,94,50,94,50,66,4,False
462,415,Combee,세꿀버리,ミツハニー,Bug,Flying,244,30,30,42,30,42,70,4,False
463,416,Vespiquen,비퀸,ビークイン,Bug,Flying,474,70,80,102,80,102,40,4,False
464,417,Pachirisu,파치리스,パチリス,Electric,,405,60,45,70,45,90,95,4,False
465,418,Buizel,브이젤,ブイゼル,Water,,330,55,65,35,60,30,85,4,False
466,419,Floatzel,플로젤,フローゼル,Water,,495,85,105,55,85,50,115,4,False
467,420,Cherubi,체리버,チェリンボ,Grass,,275,45,35,45,62,53,35,4,False
468,421,Cherrim,체리꼬,チェリム,Grass,,450,70,60,70,87,78,85,4,False
469,422,Shellos,깝질무,カラナクシ,Water,,325,76,48,48,57,62,34,4,False
470,423,Gastrodon,트리토돈,トリトドン,Water,Ground,475,111,83,68,92,82,39,4,False
471,424,Ambipom,겟핸보숭,エテボース,Normal,,482,75,100,66,60,66,115,4,False
472,425,Drifloon,흔들풍손,フワンテ,Ghost,Flying,348,90,50,34,60,44,70,4,False
473,426,Drifblim,둥실라이드,フワライド,Ghost,Flying,498,150,80,44,90,54,80,4,False
474,427,Buneary,이어롤,ミミロル,Normal,,350,55,66,44,44,56,85,4,False
475,428,Lopunny,이어롭,ミミロップ,Normal,,480,65,76,84,54,96,105,4,False
476,428,LopunnyMega Lopunny,None,None,Normal,Fighting,580,65,136,94,54,96,135,4,False
477,429,Mismagius,무우마직,ムウマージ,Ghost,,495,60,60,60,105,105,105,4,False
478,430,Honchkrow,돈크로우,ドンカラス,Dark,Flying,505,100,125,52,105,52,71,4,False
479,431,Glameow,나옹마,ニャルマー,Normal,,310,49,55,42,42,37,85,4,False
480,432,Purugly,몬냥이,ブニャット,Normal,,452,71,82,64,64,59,112,4,False
481,433,Chingling,랑딸랑,リーシャン,Psychic,,285,45,30,50,65,50,45,4,False
482,434,Stunky,스컹뿡,スカンプー,Poison,Dark,329,63,63,47,41,41,74,4,False
483,435,Skuntank,스컹탱크,スカタンク,Poison,Dark,479,103,93,67,71,61,84,4,False
484,436,Bronzor,동미러,ドーミラー,Steel,Psychic,300,57,24,86,24,86,23,4,False
485,437,Bronzong,동탁군,ドータクン,Steel,Psychic,500,67,89,116,79,116,33,4,False
486,438,Bonsly,꼬지지,ウソハチ,Rock,,290,50,80,95,10,45,10,4,False
487,439,Mime Jr.,흉내내,マネネ,Psychic,Fairy,310,20,25,45,70,90,60,4,False
488,440,Happiny,핑복,ピンプク,Normal,,220,100,5,5,15,65,30,4,False
489,441,Chatot,페라페,ペラップ,Normal,Flying,411,76,65,45,92,42,91,4,False
490,442,Spiritomb,화강돌,ミカルゲ,Ghost,Dark,485,50,92,108,92,108,35,4,False
491,443,Gible,딥상어동,フカマル,Dragon,Ground,300,58,70,45,40,45,42,4,False
492,444,Gabite,한바이트,ガバイト,Dragon,Ground,410,68,90,65,50,55,82,4,False
493,445,Garchomp,한카리아스,ガブリアス,Dragon,Ground,600,108,130,95,80,85,102,4,False
494,445,GarchompMega Garchomp,None,None,Dragon,Ground,700,108,170,115,120,95,92,4,False
495,446,Munchlax,먹고자,ゴンベ,Normal,,390,135,85,40,40,85,5,4,False
496,447,Riolu,리오르,リオル,Fighting,,285,40,70,40,35,40,60,4,False
497,448,Lucario,루카리오,ルカリオ,Fighting,Steel,525,70,110,70,115,70,90,4,False
498,448,LucarioMega Lucario,None,None,Fighting,Steel,625,70,145,88,140,70,112,4,False
499,449,Hippopotas,히포포타스,ヒポポタス,Ground,,330,68,72,78,38,42,32,4,False
500,450,Hippowdon,하마돈,カバルドン,Ground,,525,108,112,118,68,72,47,4,False
501,451,Skorupi,스콜피,スコルピ,Poison,Bug,330,40,50,90,30,55,65,4,False
502,452,Drapion,드래피온,ドラピオン,Poison,Dark,500,70,90,110,60,75,95,4,False
503,453,Croagunk,삐딱구리,グレッグル,Poison,Fighting,300,48,61,40,61,40,50,4,False
504,454,Toxicroak,독개굴,ドクロッグ,Poison,Fighting,490,83,106,65,86,65,85,4,False
505,455,Carnivine,무스틈니,マスキッパ,Grass,,454,74,100,72,90,72,46,4,False
506,456,Finneon,형광어,ケイコウオ,Water,,330,49,49,56,49,61,66,4,False
507,457,Lumineon,네오라이트,ネオラント,Water,,460,69,69,76,69,86,91,4,False
508,458,Mantyke,타만타,タマンタ,Water,Flying,345,45,20,50,60,120,50,4,False
509,459,Snover,눈쓰개,ユキカブリ,Grass,Ice,334,60,62,50,62,60,40,4,False
510,460,Abomasnow,눈설왕,ユキノオー,Grass,Ice,494,90,92,75,92,85,60,4,False
511,460,AbomasnowMega Abomasnow,None,None,Grass,Ice,594,90,132,105,132,105,30,4,False
512,461,Weavile,포푸니라,マニューラ,Dark,Ice,510,70,120,65,45,85,125,4,False
513,462,Magnezone,자포코일,ジバコイル,Electric,Steel,535,70,70,115,130,90,60,4,False
514,463,Lickilicky,내룸벨트,ベロベルト,Normal,,515,110,85,95,80,95,50,4,False
515,464,Rhyperior,거대코뿌리,ドサイドン,Ground,Rock,535,115,140,130,55,55,40,4,False
516,465,Tangrowth,덩쿠림보,モジャンボ,Grass,,535,100,100,125,110,50,50,4,False
517,466,Electivire,에레키블,エレキブル,Electric,,540,75,123,67,95,85,95,4,False
518,467,Magmortar,마그마번,ブーバーン,Fire,,540,75,95,67,125,95,83,4,False
519,468,Togekiss,토게키스,トゲキッス,Fairy,Flying,545,85,50,95,120,115,80,4,False
520,469,Yanmega,메가자리,メガヤンマ,Bug,Flying,515,86,76,86,116,56,95,4,False
521,470,Leafeon,리피아,リーフィア,Grass,,525,65,110,130,60,65,95,4,False
522,471,Glaceon,글레이시아,グレイシア,Ice,,525,65,60,110,130,95,65,4,False
523,472,Gliscor,글라이온,グライオン,Ground,Flying,510,75,95,125,45,75,95,4,False
524,473,Mamoswine,맘모꾸리,マンムー,Ice,Ground,530,110,130,80,70,60,80,4,False
525,474,Porygon-Z,폴리곤Z,ポリゴンＺ,Normal,,535,85,80,70,135,75,90,4,False
526,475,Gallade,엘레이드,エルレイド,Psychic,Fighting,518,68,125,65,65,115,80,4,False
527,475,GalladeMega Gallade,None,None,Psychic,Fighting,618,68,165,95,65,115,110,4,False
528,476,Probopass,대코파스,ダイノーズ,Rock,Steel,525,60,55,145,75,150,40,4,False
529,477,Dusknoir,야느와르몽,ヨノワール,Ghost,,525,45,100,135,65,135,45,4,False
530,478,Froslass,눈여아,ユキメノコ,Ice,Ghost,480,70,80,70,80,70,110,4,False
531,479,Rotom,로토무,ロトム,Electric,Ghost,440,50,50,77,95,77,91,4,False
532,479,RotomHeat Rotom,None,None,Electric,Fire,520,50,65,107,105,107,86,4,False
533,479,RotomWash Rotom,None,None,Electric,Water,520,50,65,107,105,107,86,4,False
534,479,RotomFrost Rotom,None,None,Electric,Ice,520,50,65,107,105,107,86,4,False
535,479,RotomFan Rotom,None,None,Electric,Flying,520,50,65,107,105,107,86,4,False
536,479,RotomMow Rotom,None,None,Electric,Grass,520,50,65,107,105,107,86,4,False
537,480,Uxie,유크시,ユクシー,Psychic,,580,75,75,130,75,130,95,4,True
538,481,Mesprit,엠라이트,エムリット,Psychic,,580,80,105,105,105,105,80,4,True
539,482,Azelf,아그놈,アグノム,Psychic,,580,75,125,70,125,70,115,4,True
540,483,Dialga,디아루가,ディアルガ,Steel,Dragon,680,100,120,120,150,100,90,4,True
541,484,Palkia,펄기아,パルキア,Water,Dragon,680,90,120,100,150,120,100,4,True
542,485,Heatran,히드런,ヒードラン,Fire,Steel,600,91,90,106,130,106,77,4,True
543,486,Regigigas,레지기가스,レジギガス,Normal,,670,110,160,110,80,110,100,4,True
544,487,GiratinaAltered Forme,None,None,Ghost,Dragon,680,150,100,120,100,120,90,4,True
545,487,GiratinaOrigin Forme,None,None,Ghost,Dragon,680,150,120,100,120,100,90,4,True
546,488,Cresselia,크레세리아,クレセリア,Psychic,,600,120,70,120,75,130,85,4,False
547,489,Phione,피오네,フィオネ,Water,,480,80,80,80,80,80,80,4,False
548,490,Manaphy,마나피,マナフィ,Water,,600,100,100,100,100,100,100,4,False
549,491,Darkrai,다크라이,ダークライ,Dark,,600,70,90,90,135,90,125,4,True
550,492,ShayminLand Forme,None,None,Grass,,600,100,100,100,100,100,100,4,True
551,492,ShayminSky Forme,None,None,Grass,Flying,600,100,103,75,120,75,127,4,True
552,493,Arceus,아르세우스,アルセウス,Normal,,720,120,120,120,120,120,120,4,True
553,494,Victini,비크티니,ビクティニ,Psychic,Fire,600,100,100,100,100,100,100,5,True
554,495,Snivy,주리비얀,ツタージャ,Grass,,308,45,45,55,45,55,63,5,False
555,496,Servine,샤비,ジャノビー,Grass,,413,60,60,75,60,75,83,5,False
556,497,Serperior,샤로다,ジャローダ,Grass,,528,75,75,95,75,95,113,5,False
557,498,Tepig,뚜꾸리,ポカブ,Fire,,308,65,63,45,45,45,45,5,False
558,499,Pignite,챠오꿀,チャオブー,Fire,Fighting,418,90,93,55,70,55,55,5,False
559,500,Emboar,염무왕,エンブオー,Fire,Fighting,528,110,123,65,100,65,65,5,False
560,501,Oshawott,수댕이,ミジュマル,Water,,308,55,55,45,63,45,45,5,False
561,502,Dewott,쌍검자비,フタチマル,Water,,413,75,75,60,83,60,60,5,False
562,503,Samurott,대검귀,ダイケンキ,Water,,528,95,100,85,108,70,70,5,False
563,504,Patrat,보르쥐,ミネズミ,Normal,,255,45,55,39,35,39,42,5,False
564,505,Watchog,보르그,ミルホッグ,Normal,,420,60,85,69,60,69,77,5,False
565,506,Lillipup,요테리,ヨーテリー,Normal,,275,45,60,45,25,45,55,5,False
566,507,Herdier,하데리어,ハーデリア,Normal,,370,65,80,65,35,65,60,5,False
567,508,Stoutland,바랜드,ムーランド,Normal,,500,85,110,90,45,90,80,5,False
568,509,Purrloin,쌔비냥,チョロネコ,Dark,,281,41,50,37,50,37,66,5,False
569,510,Liepard,레파르다스,レパルダス,Dark,,446,64,88,50,88,50,106,5,False
570,511,Pansage,야나프,ヤナップ,Grass,,316,50,53,48,53,48,64,5,False
571,512,Simisage,야나키,ヤナッキー,Grass,,498,75,98,63,98,63,101,5,False
572,513,Pansear,바오프,バオップ,Fire,,316,50,53,48,53,48,64,5,False
573,514,Simisear,바오키,バオッキー,Fire,,498,75,98,63,98,63,101,5,False
574,515,Panpour,앗차프,ヒヤップ,Water,,316,50,53,48,53,48,64,5,False
575,516,Simipour,앗차키,ヒヤッキー,Water,,498,75,98,63,98,63,101,5,False
576,517,Munna,몽나,ムンナ,Psychic,,292,76,25,45,67,55,24,5,False
577,518,Musharna,몽얌나,ムシャーナ,Psychic,,487,116,55,85,107,95,29,5,False
578,519,Pidove,콩둘기,マメパト,Normal,Flying,264,50,55,50,36,30,43,5,False
579,520,Tranquill,유토브,ハトーボー,Normal,Flying,358,62,77,62,50,42,65,5,False
580,521,Unfezant,켄호로우,ケンホロウ,Normal,Flying,488,80,115,80,65,55,93,5,False
581,522,Blitzle,줄뮤마,シママ,Electric,,295,45,60,32,50,32,76,5,False
582,523,Zebstrika,제브라이카,ゼブライカ,Electric,,497,75,100,63,80,63,116,5,False
583,524,Roggenrola,단굴,ダンゴロ,Rock,,280,55,75,85,25,25,15,5,False
584,525,Boldore,암트르,ガントル,Rock,,390,70,105,105,50,40,20,5,False
585,526,Gigalith,기가이어스,ギガイアス,Rock,,515,85,135,130,60,80,25,5,False
586,527,Woobat,또르박쥐,コロモリ,Psychic,Flying,313,55,45,43,55,43,72,5,False
587,528,Swoobat,맘박쥐,ココロモリ,Psychic,Flying,425,67,57,55,77,55,114,5,False
588,529,Drilbur,두더류,モグリュー,Ground,,328,60,85,40,30,45,68,5,False
589,530,Excadrill,몰드류,ドリュウズ,Ground,Steel,508,110,135,60,50,65,88,5,False
590,531,Audino,다부니,タブンネ,Normal,,445,103,60,86,60,86,50,5,False
591,531,AudinoMega Audino,None,None,Normal,Fairy,545,103,60,126,80,126,50,5,False
592,532,Timburr,으랏차,ドッコラー,Fighting,,305,75,80,55,25,35,35,5,False
593,533,Gurdurr,토쇠골,ドテッコツ,Fighting,,405,85,105,85,40,50,40,5,False
594,534,Conkeldurr,노보청,ローブシン,Fighting,,505,105,140,95,55,65,45,5,False
595,535,Tympole,동챙이,オタマロ,Water,,294,50,50,40,50,40,64,5,False
596,536,Palpitoad,두까비,ガマガル,Water,Ground,384,75,65,55,65,55,69,5,False
597,537,Seismitoad,두빅굴,ガマゲロゲ,Water,Ground,509,105,95,75,85,75,74,5,False
598,538,Throh,던지미,ナゲキ,Fighting,,465,120,100,85,30,85,45,5,False
599,539,Sawk,타격귀,ダゲキ,Fighting,,465,75,125,75,30,75,85,5,False
600,540,Sewaddle,두르보,クルミル,Bug,Grass,310,45,53,70,40,60,42,5,False
601,541,Swadloon,두르쿤,クルマユ,Bug,Grass,380,55,63,90,50,80,42,5,False
602,542,Leavanny,모아머,ハハコモリ,Bug,Grass,500,75,103,80,70,80,92,5,False
603,543,Venipede,마디네,フシデ,Bug,Poison,260,30,45,59,30,39,57,5,False
604,544,Whirlipede,휠구,ホイーガ,Bug,Poison,360,40,55,99,40,79,47,5,False
605,545,Scolipede,펜드라,ペンドラー,Bug,Poison,485,60,100,89,55,69,112,5,False
606,546,Cottonee,소미안,モンメン,Grass,Fairy,280,40,27,60,37,50,66,5,False
607,547,Whimsicott,엘풍,エルフーン,Grass,Fairy,480,60,67,85,77,75,116,5,False
608,548,Petilil,치릴리,チュリネ,Grass,,280,45,35,50,70,50,30,5,False
609,549,Lilligant,드레디어,ドレディア,Grass,,480,70,60,75,110,75,90,5,False
610,550,Basculin,배쓰나이,バスラオ,Water,,460,70,92,65,80,55,98,5,False
611,551,Sandile,깜눈크,メグロコ,Ground,Dark,292,50,72,35,35,35,65,5,False
612,552,Krokorok,악비르,ワルビル,Ground,Dark,351,60,82,45,45,45,74,5,False
613,553,Krookodile,악비아르,ワルビアル,Ground,Dark,519,95,117,80,65,70,92,5,False
614,554,Darumaka,달막화,ダルマッカ,Fire,,315,70,90,45,15,45,50,5,False
615,555,DarmanitanStandard Mode,None,None,Fire,,480,105,140,55,30,55,95,5,False
616,555,DarmanitanZen Mode,None,None,Fire,Psychic,540,105,30,105,140,105,55,5,False
617,556,Maractus,마라카치,マラカッチ,Grass,,461,75,86,67,106,67,60,5,False
618,557,Dwebble,돌살이,イシズマイ,Bug,Rock,325,50,65,85,35,35,55,5,False
619,558,Crustle,암팰리스,イワパレス,Bug,Rock,475,70,95,125,65,75,45,5,False
620,559,Scraggy,곤율랭,ズルッグ,Dark,Fighting,348,50,75,70,35,70,48,5,False
621,560,Scrafty,곤율거니,ズルズキン,Dark,Fighting,488,65,90,115,45,115,58,5,False
622,561,Sigilyph,심보러,シンボラー,Psychic,Flying,490,72,58,80,103,80,97,5,False
623,562,Yamask,데스마스,デスマス,Ghost,,303,38,30,85,55,65,30,5,False
624,563,Cofagrigus,데스니칸,デスカーン,Ghost,,483,58,50,145,95,105,30,5,False
625,564,Tirtouga,프로토가,プロトーガ,Water,Rock,355,54,78,103,53,45,22,5,False
626,565,Carracosta,늑골라,アバゴーラ,Water,Rock,495,74,108,133,83,65,32,5,False
627,566,Archen,아켄,アーケン,Rock,Flying,401,55,112,45,74,45,70,5,False
628,567,Archeops,아케오스,アーケオス,Rock,Flying,567,75,140,65,112,65,110,5,False
629,568,Trubbish,깨봉이,ヤブクロン,Poison,,329,50,50,62,40,62,65,5,False
630,569,Garbodor,더스트나,ダストダス,Poison,,474,80,95,82,60,82,75,5,False
631,570,Zorua,조로아,ゾロア,Dark,,330,40,65,40,80,40,65,5,False
632,571,Zoroark,조로아크,ゾロアーク,Dark,,510,60,105,60,120,60,105,5,False
633,572,Minccino,치라미,チラーミィ,Normal,,300,55,50,40,40,40,75,5,False
634,573,Cinccino,치라치노,チラチーノ,Normal,,470,75,95,60,65,60,115,5,False
635,574,Gothita,고디탱,ゴチム,Psychic,,290,45,30,50,55,65,45,5,False
636,575,Gothorita,고디보미,ゴチミル,Psychic,,390,60,45,70,75,85,55,5,False
637,576,Gothitelle,고디모아젤,ゴチルゼル,Psychic,,490,70,55,95,95,110,65,5,False
638,577,Solosis,유니란,ユニラン,Psychic,,290,45,30,40,105,50,20,5,False
639,578,Duosion,듀란,ダブラン,Psychic,,370,65,40,50,125,60,30,5,False
640,579,Reuniclus,란쿨루스,ランクルス,Psychic,,490,110,65,75,125,85,30,5,False
641,580,Ducklett,꼬지보리,コアルヒー,Water,Flying,305,62,44,50,44,50,55,5,False
642,581,Swanna,스완나,スワンナ,Water,Flying,473,75,87,63,87,63,98,5,False
643,582,Vanillite,바닐프티,バニプッチ,Ice,,305,36,50,50,65,60,44,5,False
644,583,Vanillish,바닐리치,バニリッチ,Ice,,395,51,65,65,80,75,59,5,False
645,584,Vanilluxe,배바닐라,バイバニラ,Ice,,535,71,95,85,110,95,79,5,False
646,585,Deerling,사철록,シキジカ,Normal,Grass,335,60,60,50,40,50,75,5,False
647,586,Sawsbuck,바라철록,メブキジカ,Normal,Grass,475,80,100,70,60,70,95,5,False
648,587,Emolga,에몽가,エモンガ,Electric,Flying,428,55,75,60,75,60,103,5,False
649,588,Karrablast,딱정곤,カブルモ,Bug,,315,50,75,45,40,45,60,5,False
650,589,Escavalier,슈바르고,シュバルゴ,Bug,Steel,495,70,135,105,60,105,20,5,False
651,590,Foongus,깜놀버슬,タマゲタケ,Grass,Poison,294,69,55,45,55,55,15,5,False
652,591,Amoonguss,뽀록나,モロバレル,Grass,Poison,464,114,85,70,85,80,30,5,False
653,592,Frillish,탱그릴,プルリル,Water,Ghost,335,55,40,50,65,85,40,5,False
654,593,Jellicent,탱탱겔,ブルンゲル,Water,Ghost,480,100,60,70,85,105,60,5,False
655,594,Alomomola,맘복치,ママンボウ,Water,,470,165,75,80,40,45,65,5,False
656,595,Joltik,파쪼옥,バチュル,Bug,Electric,319,50,47,50,57,50,65,5,False
657,596,Galvantula,전툴라,デンチュラ,Bug,Electric,472,70,77,60,97,60,108,5,False
658,597,Ferroseed,철시드,テッシード,Grass,Steel,305,44,50,91,24,86,10,5,False
659,598,Ferrothorn,너트령,ナットレイ,Grass,Steel,489,74,94,131,54,116,20,5,False
660,599,Klink,기어르,ギアル,Steel,,300,40,55,70,45,60,30,5,False
661,600,Klang,기기어르,ギギアル,Steel,,440,60,80,95,70,85,50,5,False
662,601,Klinklang,기기기어르,ギギギアル,Steel,,520,60,100,115,70,85,90,5,False
663,602,Tynamo,저리어,シビシラス,Electric,,275,35,55,40,45,40,60,5,False
664,603,Eelektrik,저리릴,シビビール,Electric,,405,65,85,70,75,70,40,5,False
665,604,Eelektross,저리더프,シビルドン,Electric,,515,85,115,80,105,80,50,5,False
666,605,Elgyem,리그레,リグレー,Psychic,,335,55,55,55,85,55,30,5,False
667,606,Beheeyem,벰크,オーベム,Psychic,,485,75,75,75,125,95,40,5,False
668,607,Litwick,불켜미,ヒトモシ,Ghost,Fire,275,50,30,55,65,55,20,5,False
669,608,Lampent,램프라,ランプラー,Ghost,Fire,370,60,40,60,95,60,55,5,False
670,609,Chandelure,샹델라,シャンデラ,Ghost,Fire,520,60,55,90,145,90,80,5,False
671,610,Axew,터검니,キバゴ,Dragon,,320,46,87,60,30,40,57,5,False
672,611,Fraxure,액슨도,オノンド,Dragon,,410,66,117,70,40,50,67,5,False
673,612,Haxorus,액스라이즈,オノノクス,Dragon,,540,76,147,90,60,70,97,5,False
674,613,Cubchoo,코고미,クマシュン,Ice,,305,55,70,40,60,40,40,5,False
675,614,Beartic,툰베어,ツンベアー,Ice,,485,95,110,80,70,80,50,5,False
676,615,Cryogonal,프리지오,フリージオ,Ice,,485,70,50,30,95,135,105,5,False
677,616,Shelmet,쪼마리,チョボマキ,Bug,,305,50,40,85,40,65,25,5,False
678,617,Accelgor,어지리더,アギルダー,Bug,,495,80,70,40,100,60,145,5,False
679,618,Stunfisk,메더,マッギョ,Ground,Electric,471,109,66,84,81,99,32,5,False
680,619,Mienfoo,비조푸,コジョフー,Fighting,,350,45,85,50,55,50,65,5,False
681,620,Mienshao,비조도,コジョンド,Fighting,,510,65,125,60,95,60,105,5,False
682,621,Druddigon,크리만,クリムガン,Dragon,,485,77,120,90,60,90,48,5,False
683,622,Golett,골비람,ゴビット,Ground,Ghost,303,59,74,50,35,50,35,5,False
684,623,Golurk,골루그,ゴルーグ,Ground,Ghost,483,89,124,80,55,80,55,5,False
685,624,Pawniard,자망칼,コマタナ,Dark,Steel,340,45,85,70,40,40,60,5,False
686,625,Bisharp,절각참,キリキザン,Dark,Steel,490,65,125,100,60,70,70,5,False
687,626,Bouffalant,버프론,バッフロン,Normal,,490,95,110,95,40,95,55,5,False
688,627,Rufflet,수리둥보,ワシボン,Normal,Flying,350,70,83,50,37,50,60,5,False
689,628,Braviary,워글,ウォーグル,Normal,Flying,510,100,123,75,57,75,80,5,False
690,629,Vullaby,벌차이,バルチャイ,Dark,Flying,370,70,55,75,45,65,60,5,False
691,630,Mandibuzz,버랜지나,バルジーナ,Dark,Flying,510,110,65,105,55,95,80,5,False
692,631,Heatmor,앤티골,クイタラン,Fire,,484,85,97,66,105,66,65,5,False
693,632,Durant,아이앤트,アイアント,Bug,Steel,484,58,109,112,48,48,109,5,False
694,633,Deino,모노두,モノズ,Dark,Dragon,300,52,65,50,45,50,38,5,False
695,634,Zweilous,디헤드,ジヘッド,Dark,Dragon,420,72,85,70,65,70,58,5,False
696,635,Hydreigon,삼삼드래,サザンドラ,Dark,Dragon,600,92,105,90,125,90,98,5,False
697,636,Larvesta,활화르바,メラルバ,Bug,Fire,360,55,85,55,50,55,60,5,False
698,637,Volcarona,불카모스,ウルガモス,Bug,Fire,550,85,60,65,135,105,100,5,False
699,638,Cobalion,코바르온,コバルオン,Steel,Fighting,580,91,90,129,90,72,108,5,True
700,639,Terrakion,테라키온,テラキオン,Rock,Fighting,580,91,129,90,72,90,108,5,True
701,640,Virizion,비리디온,ビリジオン,Grass,Fighting,580,91,90,72,90,129,108,5,True
702,641,TornadusIncarnate Forme,None,None,Flying,,580,79,115,70,125,80,111,5,True
703,641,TornadusTherian Forme,None,None,Flying,,580,79,100,80,110,90,121,5,True
704,642,ThundurusIncarnate Forme,None,None,Electric,Flying,580,79,115,70,125,80,111,5,True
705,642,ThundurusTherian Forme,None,None,Electric,Flying,580,79,105,70,145,80,101,5,True
706,643,Reshiram,레시라무,レシラム,Dragon,Fire,680,100,120,100,150,120,90,5,True
707,644,Zekrom,제크로무,ゼクロム,Dragon,Electric,680,100,150,120,120,100,90,5,True
708,645,LandorusIncarnate Forme,None,None,Ground,Flying,600,89,125,90,115,80,101,5,True
709,645,LandorusTherian Forme,None,None,Ground,Flying,600,89,145,90,105,80,91,5,True
710,646,Kyurem,큐레무,キュレム,Dragon,Ice,660,125,130,90,130,90,95,5,True
711,646,KyuremBlack Kyurem,None,None,Dragon,Ice,700,125,170,100,120,90,95,5,True
712,646,KyuremWhite Kyurem,None,None,Dragon,Ice,700,125,120,90,170,100,95,5,True
713,647,KeldeoOrdinary Forme,None,None,Water,Fighting,580,91,72,90,129,90,108,5,False
714,647,KeldeoResolute Forme,None,None,Water,Fighting,580,91,72,90,129,90,108,5,False
715,648,MeloettaAria Forme,None,None,Normal,Psychic,600,100,77,77,128,128,90,5,False
716,648,MeloettaPirouette Forme,None,None,Normal,Fighting,600,100,128,90,77,77,128,5,False
717,649,Genesect,게노세크트,ゲノセクト,Bug,Steel,600,71,120,95,120,95,99,5,False
718,650,Chespin,도치마론,ハリマロン,Grass,,313,56,61,65,48,45,38,6,False
719,651,Quilladin,도치보구,ハリボーグ,Grass,,405,61,78,95,56,58,57,6,False
720,652,Chesnaught,브리가론,ブリガロン,Grass,Fighting,530,88,107,122,74,75,64,6,False
721,653,Fennekin,푸호꼬,フォッコ,Fire,,307,40,45,40,62,60,60,6,False
722,654,Braixen,테르나,テールナー,Fire,,409,59,59,58,90,70,73,6,False
723,655,Delphox,마폭시,マフォクシー,Fire,Psychic,534,75,69,72,114,100,104,6,False
724,656,Froakie,개구마르,ケロマツ,Water,,314,41,56,40,62,44,71,6,False
725,657,Frogadier,개굴반장,ゲコガシラ,Water,,405,54,63,52,83,56,97,6,False
726,658,Greninja,개굴닌자,ゲッコウガ,Water,Dark,530,72,95,67,103,71,122,6,False
727,659,Bunnelby,파르빗,ホルビー,Normal,,237,38,36,38,32,36,57,6,False
728,660,Diggersby,파르토,ホルード,Normal,Ground,423,85,56,77,50,77,78,6,False
729,661,Fletchling,화살꼬빈,ヤヤコマ,Normal,Flying,278,45,50,43,40,38,62,6,False
730,662,Fletchinder,불화살빈,ヒノヤコマ,Fire,Flying,382,62,73,55,56,52,84,6,False
731,663,Talonflame,파이어로,ファイアロー,Fire,Flying,499,78,81,71,74,69,126,6,False
732,664,Scatterbug,분이벌레,コフキムシ,Bug,,200,38,35,40,27,25,35,6,False
733,665,Spewpa,분떠도리,コフーライ,Bug,,213,45,22,60,27,30,29,6,False
734,666,Vivillon,비비용,ビビヨン,Bug,Flying,411,80,52,50,90,50,89,6,False
735,667,Litleo,레오꼬,シシコ,Fire,Normal,369,62,50,58,73,54,72,6,False
736,668,Pyroar,화염레오,カエンジシ,Fire,Normal,507,86,68,72,109,66,106,6,False
737,669,Flabébé,플라베베,フラベベ,Fairy,,303,44,38,39,61,79,42,6,False
738,670,Floette,플라엣테,フラエッテ,Fairy,,371,54,45,47,75,98,52,6,False
739,671,Florges,플라제스,フラージェス,Fairy,,552,78,65,68,112,154,75,6,False
740,672,Skiddo,메이클,メェークル,Grass,,350,66,65,48,62,57,52,6,False
741,673,Gogoat,고고트,ゴーゴート,Grass,,531,123,100,62,97,81,68,6,False
742,674,Pancham,판짱,ヤンチャム,Fighting,,348,67,82,62,46,48,43,6,False
743,675,Pangoro,부란다,ゴロンダ,Fighting,Dark,495,95,124,78,69,71,58,6,False
744,676,Furfrou,트리미앙,トリミアン,Normal,,472,75,80,60,65,90,102,6,False
745,677,Espurr,냐스퍼,ニャスパー,Psychic,,355,62,48,54,63,60,68,6,False
746,678,MeowsticMale,None,None,Psychic,,466,74,48,76,83,81,104,6,False
747,678,MeowsticFemale,None,None,Psychic,,466,74,48,76,83,81,104,6,False
748,679,Honedge,단칼빙,ヒトツキ,Steel,Ghost,325,45,80,100,35,37,28,6,False
749,680,Doublade,쌍검킬,ニダンギル,Steel,Ghost,448,59,110,150,45,49,35,6,False
750,681,AegislashBlade Forme,None,None,Steel,Ghost,520,60,150,50,150,50,60,6,False
751,681,AegislashShield Forme,None,None,Steel,Ghost,520,60,50,150,50,150,60,6,False
752,682,Spritzee,슈쁘,シュシュプ,Fairy,,341,78,52,60,63,65,23,6,False
753,683,Aromatisse,프레프티르,フレフワン,Fairy,,462,101,72,72,99,89,29,6,False
754,684,Swirlix,나룸퍼프,ペロッパフ,Fairy,,341,62,48,66,59,57,49,6,False
755,685,Slurpuff,나루림,ペロリーム,Fairy,,480,82,80,86,85,75,72,6,False
756,686,Inkay,오케이징,マーイーカ,Dark,Psychic,288,53,54,53,37,46,45,6,False
757,687,Malamar,칼라마네로,カラマネロ,Dark,Psychic,482,86,92,88,68,75,73,6,False
758,688,Binacle,거북손손,カメテテ,Rock,Water,306,42,52,67,39,56,50,6,False
759,689,Barbaracle,거북손데스,ガメノデス,Rock,Water,500,72,105,115,54,86,68,6,False
760,690,Skrelp,수레기,クズモー,Poison,Water,320,50,60,60,60,60,30,6,False
761,691,Dragalge,드래캄,ドラミドロ,Poison,Dragon,494,65,75,90,97,123,44,6,False
762,692,Clauncher,완철포,ウデッポウ,Water,,330,50,53,62,58,63,44,6,False
763,693,Clawitzer,블로스터,ブロスター,Water,,500,71,73,88,120,89,59,6,False
764,694,Helioptile,목도리키텔,エリキテル,Electric,Normal,289,44,38,33,61,43,70,6,False
765,695,Heliolisk,일레도리자드,エレザード,Electric,Normal,481,62,55,52,109,94,109,6,False
766,696,Tyrunt,티고라스,チゴラス,Rock,Dragon,362,58,89,77,45,45,48,6,False
767,697,Tyrantrum,견고라스,ガチゴラス,Rock,Dragon,521,82,121,119,69,59,71,6,False
768,698,Amaura,아마루스,アマルス,Rock,Ice,362,77,59,50,67,63,46,6,False
769,699,Aurorus,아마루르가,アマルルガ,Rock,Ice,521,123,77,72,99,92,58,6,False
770,700,Sylveon,님피아,ニンフィア,Fairy,,525,95,65,65,110,130,60,6,False
771,701,Hawlucha,루차불,ルチャブル,Fighting,Flying,500,78,92,75,74,63,118,6,False
772,702,Dedenne,데덴네,デデンネ,Electric,Fairy,431,67,58,57,81,67,101,6,False
773,703,Carbink,멜리시,メレシー,Rock,Fairy,500,50,50,150,50,150,50,6,False
774,704,Goomy,미끄메라,ヌメラ,Dragon,,300,45,50,35,55,75,40,6,False
775,705,Sliggoo,미끄네일,ヌメイル,Dragon,,452,68,75,53,83,113,60,6,False
776,706,Goodra,미끄래곤,ヌメルゴン,Dragon,,600,90,100,70,110,150,80,6,False
777,707,Klefki,클레피,クレッフィ,Steel,Fairy,470,57,80,91,80,87,75,6,False
778,708,Phantump,나목령,ボクレー,Ghost,Grass,309,43,70,48,50,60,38,6,False
779,709,Trevenant,대로트,オーロット,Ghost,Grass,474,85,110,76,65,82,56,6,False
780,710,PumpkabooAverage Size,None,None,Ghost,Grass,335,49,66,70,44,55,51,6,False
781,710,PumpkabooSmall Size,None,None,Ghost,Grass,335,44,66,70,44,55,56,6,False
782,710,PumpkabooLarge Size,None,None,Ghost,Grass,335,54,66,70,44,55,46,6,False
783,710,PumpkabooSuper Size,None,None,Ghost,Grass,335,59,66,70,44,55,41,6,False
784,711,GourgeistAverage Size,None,None,Ghost,Grass,494,65,90,122,58,75,84,6,False
785,711,GourgeistSmall Size,None,None,Ghost,Grass,494,55,85,122,58,75,99,6,False
786,711,GourgeistLarge Size,None,None,Ghost,Grass,494,75,95,122,58,75,69,6,False
787,711,GourgeistSuper Size,None,None,Ghost,Grass,494,85,100,122,58,75,54,6,False
788,712,Bergmite,꽁어름,カチコール,Ice,,304,55,69,85,32,35,28,6,False
789,713,Avalugg,크레베이스,クレベース,Ice,,514,95,117,184,44,46,28,6,False
790,714,Noibat,음뱃,オンバット,Flying,Dragon,245,40,30,35,45,40,55,6,False
791,715,Noivern,음번,オンバーン,Flying,Dragon,535,85,70,80,97,80,123,6,False
792,716,Xerneas,제르네아스,ゼルネアス,Fairy,,680,126,131,95,131,98,99,6,True
793,717,Yveltal,이벨타르,イベルタル,Dark,Flying,680,126,131,95,131,98,99,6,True
794,718,Zygarde50% Forme,None,None,Dragon,Ground,600,108,100,121,81,95,95,6,True
795,719,Diancie,디안시,ディアンシー,Rock,Fairy,600,50,100,150,100,150,50,6,True
796,719,DiancieMega Diancie,None,None,Rock,Fairy,700,50,160,110,160,110,110,6,True
797,720,HoopaHoopa Confined,None,None,Psychic,Ghost,600,80,110,60,150,130,70,6,True
798,720,HoopaHoopa Unbound,None,None,Psychic,Dark,680,80,160,60,170,130,80,6,True
799,721,Volcanion,볼케니온,ボルケニオン,Fire,Water,600,80,110,120,130,90,70,6,True
